acvram-agentworld-35b-a3b-heretic-q4-k-m	146.5	158	930	48
acvram-awaxis-31b	35.5	301	118	200
acvram-gemma-4-26b-a4b-heretic-apex-i-quality	53.4	138	387	51
acvram-gemma-4-26b-a4b-it-ultra-uncensored-heretic-q4-k-xl	53.6	138	387	51
acvram-gemma-4-31b-it-uncensored-heretic-q4-k-m	35.5	300	118	203
acvram-glm-4-7-flash-uncensored-heretic-q5-k-m	89.5	180	497	56
acvram-glm-4-7-grande-heretic-42b-q4-k-m	64.4	181	356	76
acvram-huihui-nex-n2-mini-abliterated-q4-k-m	147.1	152	970	47
acvram-huihui-qwen3-6-35b-a3b-abliterated-q4-k-m	84.4	60	1411	45
acvram-huihui-qwen3-6-35b-a3b-opus-abl-q4-k-m	147.2	157	935	47
acvram-huihui-qwen3-8-27b-abliterated-q5-k	41.4	260	159	233
acvram-kat-coder-v2-5-dev-q4-k-m	147.2	158	934	47
acvram-nemotron-3-5-lightning-30b-a3b-exl3-6bpw	181.8	176	1036	34
acvram-nemotron-3-5-lightning-30b-a3b-heretic-uncensored-q6-k	181.4	177	1026	35
acvram-ornith-1-5-35b-a3b-heretic-apex-i-quality	147.3	158	935	47
acvram-qwen3-30b-a3b-abliterated-erotic-awq	188.5	210	899	35
acvram-qwen3-30b-a3b-thinking-2507-awq	188.6	209	902	34
acvram-qwen3-5-35b-a3b-q4-k-m	146.6	155	945	50
acvram-qwen3-5-9b-uncensored-hauhaucs-aggressive-q4-k-m	113.2	209	541	108
acvram-qwen3-6-27b-fable-fusion-711-heretic-mtp-q5-k-m	41.4	261	159	230
acvram-qwen3-6-27b-fable-fusion-711-heretic-q5-k-m	41.4	263	157	233
acvram-qwen36-27b-heretic	44.8	253	177	243
acvram-qwen36-27b-heretic-exl3	43.7	263	166	224
acvram-qwen3-6-27b-neo-code-here-2t-ot-q4-k-m	41.4	264	157	233
acvram-qwen3-6-35b-a3b-uncensored-heretic-apex-i-quality	147.2	159	926	47
acvram-qwen3-8-27b-dominatrix-q4-k-m	41.3	262	158	235
acvram-qwen3-8-27b-fable-distill-heretic-ara-q5-k-m	41.3	264	156	234
acvram-qwen3-8-27b-heretic-ara-exl3-5-0bpw	43.5	262	166	224
acvram-qwen3-8-27b-heretic-ara-q6-k	41.4	264	157	230
acvram-qwen-3-8-27b-heretic-i1-q5-k-m	41.4	264	157	232
acvram-qwen3-8-27b-heretic-rvn-q5-k-m-vision	41.4	263	157	231
acvram-qwen3-8-27b-ud-q5-k-m	41.4	264	157	233
acvram-qwen3-8-27b-uncensored-nomtp-q5-k-m	41.5	265	157	239
acvram-Qwen3-Coder-30B-A3B-Instruct-Q4_K_M	187.5	211	889	36
acvram-qwen3-vl-30b-a3b-abliterated-awq	188.5	213	886	35
acvram-Qwen3-VL-32B-Instruct-heretic-v2-GGUF	38.1	301	127	204
acvram-qwenpaw-flash-9b-heretic-q4-k-l	113.6	214	531	106
acvram-thinkingcap-qwen3-6-27b-heretic-q4-k-m	41.4	259	160	236
