img00.png	4 formes : carré bleu, carré jaune, triangle orange, cercle vert
img01.png	texte : LIVRE / MUSIQUE / NUAGE
img02.png	dégradé cyan → blanc
img03.png	damier 8×8
img04.png	barres 28 55 66
img05.png	horloge 10h00
img06.png	3 formes : cercle jaune, cercle jaune, carré cyan
img07.png	texte : LIVRE / MONTAGNE / PORTE
img08.png	dégradé rose → blanc
img09.png	damier 8×8
img10.png	barres 48 103 102
img11.png	horloge 8h15
img12.png	2 formes : carré rose, triangle bleu
img13.png	texte : PORTE / TABLE / NUAGE
img14.png	dégradé cyan → orange
img15.png	damier 6×6
img16.png	barres 110 65 117
img17.png	horloge 11h00
img18.png	6 formes : cercle violet, triangle violet, cercle cyan, carré violet, triangle jaune, triangle vert
img19.png	texte : JARDIN / NUAGE / POMME
